model,silhouette,calinski_harabasz
word2vec,0.08269127458333969,1.4093382426334844
doc2vec,0.3379709720611572,5.158588223053767
tfidf,0.057385653147490355,1.2629902468221006
autoencoder,0.22624635696411133,2.897307311091009
